Name,Buy,Sell,Found Buy Prices,Found Sell Prices
abominable snowman mask,N/A,70,N/A,[70]
actual leprechaun hat,N/A,9,N/A,[9]
alaskan king crab crown,66,2022.4,[66],"[83, 65, 5850, 66, 69, 64, 67, 60, 7350, 6550]"
alpha's shawl,45,51.5,[45],"[60, 70, 1, 75]"
altair's hood,295,274.69,"[240, 350]","[240, 300, 100, 250, 300, 250, 250, 250, 280, 230, 290, 320, 300, 295, 285, 350, 230, 230, 250, 240, 341, 250, 235, 250, 350, 280, 450, 270, 300]"
angler mask,44,46.88,"[50, 40, 50, 40, 40]","[42, 40, 50, 40, 40, 40, 45, 45, 50, 55, 45, 40, 50, 50, 40, 50, 55, 45, 45, 55, 45, 50, 45, 45, 50, 50, 45, 44, 45, 40, 40, 40, 40, 65, 40, 40, 50, 50, 60, 60, 40, 55, 45, 45, 50, 50, 42, 45, 45, 45, 40, 45, 50, 44, 44, 50, 44, 35, 50, 55, 40, 45, 40, 45, 40, 35, 45, 45, 50, 46, 46, 55, 45, 45, 65, 40, 40, 55, 55, 50, 50, 40, 45, 40, 55, 43, 50, 43, 50, 40, 44, 45, 40, 45, 55, 50, 55, 55, 50, 50, 50, 55, 50, 44, 55, 42, 60, 50]"
antler hat,N/A,0.2,N/A,[0.2]
anubis mask,556.67,593.24,"[560, 560, 550]","[560, 650, 580, 590, 600, 620, 575, 590, 595, 595, 600, 600, 590, 590, 590, 600, 610, 600, 590, 630, 560, 560, 610, 585, 610, 600, 580, 585, 630, 580, 580, 590, 600, 630, 620, 650, 580, 610, 610, 620, 590, 575, 580, 560, 604, 604, 580, 590, 550, 575, 550, 550, 590, 590, 600, 570, 630, 575]"
architect's beret,N/A,3.8,N/A,"[2, 1, 10, 2, 4]"
aura antlers,469.14,691.18,"[680, 500, 7, 650, 7, 710, 730]","[730, 730, 680, 750, 740, 745, 745, 605, 700, 735, 725, 725, 700, 700, 720, 576, 740, 605, 660, 730, 695, 565, 720, 730, 740, 560, 690, 760, 760, 735, 730, 740, 750, 715, 715, 670, 685, 750, 700, 750, 650, 750, 590, 600, 750, 750, 595, 720, 750, 700, 700, 745, 745, 680, 650, 710, 710, 575, 650, 575, 610, 755, 710, 620, 730, 760, 560, 735, 820, 565, 600, 560, 700, 690, 570, 630, 700, 600, 600, 600, 665, 710, 745, 720, 735, 710, 680, 735, 720, 660, 560, 730, 740, 740, 740, 750, 750, 740, 740, 680, 740, 570, 720, 740, 730, 725, 715, 560, 660, 660, 720, 590, 710, 670, 740, 740, 700, 630, 740, 720]"
aviator fighter pilot hat,18,N/A,[18],N/A
b.o.o. helmet,N/A,0.52,N/A,"[1, 0.03333333333333333]"
baby seal hat,130,109,[130],"[135, 110, 150, 75, 75]"
backwards ballcap,1,1.62,"[1, 1, 1]","[1, 1, 1, 2, 1, 2, 1, 1, 2, 2, 2, 1, 2, 1, 1, 2, 2, 2, 2, 2, 2, 3, 2, 1]"
barbershop quartet hat,N/A,15.14,N/A,"[15, 15, 15, 15, 34, 10, 2]"
baseball cap,410.01,55.37,"[0.04, 800, 800, 40]","[0.02857142857142857, 800, 0.03333333333333333, 0.02, 30, 0.05, 0.03333333333333333, 0.03333333333333333, 0.04, 0.03333333333333333, 0.02857142857142857, 0.04, 0.05, 0.05, 0.05]"
bee hair pin,N/A,N/A,N/A,N/A
beowulf's helm,N/A,51.25,N/A,"[50, 60, 50, 40, 65, 50, 45, 50, 55, 42, 48, 60]"
black beret,0.1,2.17,"[0.0625, 0.16666666666666666, 0.06666666666666667]","[0.14285714285714285, 0.16666666666666666, 12, 0.16666666666666666, 3, 0.1111111111111111, 12, 0.2, 0.14285714285714285, 15, 15, 0.25, 0.16666666666666666, 0.06666666666666667, 0.16666666666666666, 0.3333333333333333, 1, 0.3333333333333333, 0.16666666666666666, 0.25, 4, 0.2, 0.2, 0.14285714285714285, 0.16666666666666666, 5, 0.25, 2, 2, 0.16666666666666666, 1, 1, 0.125, 0.16666666666666666, 0.3333333333333333, 0.1, 0.3333333333333333, 0.1, 0.3333333333333333, 20, 5, 12, 0.3333333333333333, 12, 0.16666666666666666, 0.14285714285714285, 12, 0.14285714285714285, 0.2, 0.1, 0.14285714285714285, 0.14285714285714285, 0.16666666666666666, 0.16666666666666666, 0.125, 0.16666666666666666, 0.16666666666666666, 0.1, 0.25, 0.25, 12, 0.2, 5, 0.5, 0.5, 0.16666666666666666, 0.06666666666666667, 0.06666666666666667, 6, 6, 0.25, 0.25, 0.16666666666666666, 0.16666666666666666, 0.14285714285714285, 0.14285714285714285, 0.14285714285714285, 0.14285714285714285, 5, 0.06666666666666667, 0.2, 0.125, 0.5, 0.1, 0.1, 12, 0.16666666666666666, 0.14285714285714285, 0.16666666666666666, 1, 1, 0.2, 5, 0.2, 0.16666666666666666, 0.1111111111111111, 0.1111111111111111, 1, 12, 0.2, 5, 5, 0.14285714285714285]"
black cat ears,6.83,8.67,"[6, 7, 5, 9, 6, 8]","[9, 6, 8, 8, 8, 7, 8, 8, 6, 6, 8, 8, 7, 9, 7, 8, 8, 8, 9, 10, 10, 11, 8, 10, 9, 9, 9, 6, 9, 8, 9, 7, 8, 8, 9, 6, 10, 10, 10, 8, 8, 8, 7, 11, 12, 10, 5, 10, 10, 7, 11, 11, 11, 8, 10, 16, 10, 6, 7, 9, 10, 9, 10, 10, 10, 13, 12, 9, 8, 10, 7, 6, 6, 7, 7, 7, 10, 10, 8, 8, 8, 7, 10, 11, 9, 11, 10, 10, 6, 9, 6, 6, 10, 10, 11, 15, 12, 10, 10, 9, 7, 9, 8, 8, 8, 5, 5, 6, 6, 8]"
blue hardhat,N/A,N/A,N/A,N/A
bowler bunny hat,N/A,76,N/A,"[80, 75, 75, 75, 75]"
brainflower,36,1818.73,[36],"[3550, 3550, 35, 3450, 3450, 3450, 37, 4600, 99, 3650, 3650, 53, 37, 42, 3450, 3345, 3600, 39, 37, 3700, 51, 51, 40, 39, 3510, 3510, 60, 60, 48, 48, 39, 3780, 42, 38, 45, 99, 38, 47, 41, 4950, 3350, 3650, 3650, 4950, 39, 35, 44, 3950, 3950, 48, 48, 37, 3550, 3550, 3640, 3780, 3680, 4950, 44]"
brainwave capacitor,30,0.06,[30],"[0.0625, 0.0625]"
bridal veil,30,N/A,[30],N/A
build antennae,N/A,6.67,N/A,"[8, 6, 6]"
bunny ears,157.5,188.53,"[150, 130, 190, 160]","[180, 200, 150, 210, 225, 150, 150, 220, 200, 200, 210, 180, 190, 200, 200, 160, 180]"
burning face,N/A,N/A,N/A,N/A
butterfly hair pin,N/A,N/A,N/A,N/A
candle crown,10,41.5,[10],"[25, 35, 41, 35, 40, 40, 40, 40, 40, 60, 28, 50, 55, 50, 50, 50, 40, 40, 47, 30, 45, 30, 35, 40, 40, 45, 40, 50, 47, 40, 50, 30]"
candy cane elf hat,N/A,N/A,N/A,N/A
carrot on a stick,53.75,67.41,"[65, 50, 50, 50]","[65, 65, 90, 70, 57, 50, 65, 60, 80, 60, 70, 55, 65, 65, 75, 75, 70, 65, 55, 70, 75, 75, 75, 70, 55, 70, 70, 70, 65, 70, 70, 65]"
cartoon glove hat blue,N/A,2,N/A,"[2, 2, 2]"
cartoon glove hat red,N/A,1.5,N/A,"[1, 2]"
carved pumpkin hat,N/A,20,N/A,[20]
cat as a hat,N/A,16,N/A,[16]
celestial halo,33.9,56.95,"[50, 30, 50, 30, 36, 5, 50, 25, 40, 30, 45, 30, 30, 30, 30, 30, 50, 30, 30, 40, 30, 30, 30, 30, 30, 50, 45, 30, 30, 25, 30]","[30, 60, 50, 70, 70, 45, 53, 50, 45, 60, 60, 55, 60, 55, 65, 65, 65, 70, 70, 40, 55, 60]"
challenge crown,937.12,1325.81,"[34, 3650, 42, 3650, 31, 40, 17, 33]","[34, 38, 3450, 21, 22, 22, 35, 43, 42, 34, 20, 42, 38, 3860, 31, 41, 33, 3250, 44, 41, 3450, 3750, 24, 3850, 5, 44, 20, 3815, 39, 38, 3650, 34, 3585, 43, 3825, 3785, 3900, 23, 4350, 3850, 45, 41, 44, 43, 42, 45, 4275, 44, 39, 3666, 18, 34, 37, 3750, 4350, 3680, 34, 39, 3750, 31, 44, 21, 3850, 3750, 37, 43, 4250, 20, 3525, 39]"
chef hat,N/A,N/A,N/A,N/A
chef's cap,N/A,10,N/A,"[10, 10]"
chichen-itza hat,N/A,N/A,N/A,N/A
chinese dragon body,N/A,4.4,N/A,"[4, 4, 4, 3, 7]"
chinese dragon head,25,26.31,[25],"[30, 30, 25, 30, 20, 25, 30, 20, 25, 25, 26, 26, 30]"
chinese dragon tail,8,11,[8],"[12, 10]"
chip-and-dip,32.5,38.43,"[30, 35]","[37, 37, 37, 40, 37, 40, 40, 38, 43, 40, 40, 40, 35, 37, 37, 40, 38, 40, 40, 36, 36, 40, 36]"
coconut crown,N/A,1.67,N/A,"[2, 1, 3, 2, 2, 1, 2, 1, 1, 2, 2, 1]"
comet beanie,1670,1212.26,"[1680, 1650, 1680]","[17, 1350, 17, 1750, 1750, 1850, 1880, 1880, 17, 17, 14, 14, 1950, 17, 1700, 17, 1730, 1680, 1680, 1920, 1650, 1750, 13, 1920, 1650, 1890, 1740, 1690, 1750, 21, 1850, 1700, 1650, 20, 1620, 1710, 14, 17, 1760, 1750, 1750, 1750]"
confetti crown,N/A,2,N/A,"[1, 2, 3, 2, 5, 1, 2, 1, 1]"
conquest's helm,N/A,N/A,N/A,N/A
country riding hat,N/A,N/A,N/A,N/A
country tweed flat cap,30,40.24,[30],"[45, 30, 45, 50, 40, 40, 45, 40, 45, 40, 50, 30, 40, 43, 40, 50, 31, 45, 40, 30, 40, 40, 40, 32, 35]"
cowboy hat,N/A,N/A,N/A,N/A
cracked egg hat,N/A,6,N/A,[6]
cranial lagomorph,440,515.74,"[370, 450, 500]","[495, 580, 580, 500, 520, 560, 560, 460, 515, 500, 480, 510, 570, 505, 525, 500, 500, 480, 520, 480, 490, 550, 540, 540, 520, 510, 520, 520, 500, 500, 485, 500, 550, 470]"
creme crown,10,2,[10],"[2, 2, 2, 2, 2, 2]"
crown of autumn,140,138.45,"[150, 130]","[130, 150, 180, 190, 150, 115, 115, 140, 130, 150, 170, 170, 140, 115, 115, 155, 150, 140, 135, 125, 130, 100, 150, 150, 130, 120, 135, 135, 100]"
crown of duplication,212.5,207.63,"[215, 210]","[200, 210, 210, 220, 235, 210, 215, 220, 175, 175, 210, 190, 210, 170, 230, 230, 190, 200, 210, 220, 190, 200, 220, 185, 185, 190, 170, 200, 210, 240, 210, 200, 210, 210, 230, 170, 200, 220, 235, 250, 220, 170, 240, 170, 165, 200, 228, 228, 200, 220, 220, 250, 225, 230, 210, 195, 220, 210, 220, 220, 190, 210, 220, 220, 205, 200, 210, 250, 180, 170, 180, 180, 210, 220, 200, 190, 160, 200, 170, 220, 240, 220, 210, 180, 210, 190, 200, 200, 200, 190, 200, 230, 230, 195, 220, 205, 170, 220, 240, 230, 220, 195, 200, 210, 180, 215, 175, 205, 200, 230, 230, 250, 190, 225, 210, 270, 230, 210, 220, 205, 200, 200]"
crown of enlightenment,29.33,24.31,"[30, 35, 23]","[20, 20, 40, 27, 25, 25, 27, 25, 15, 15, 24, 45, 21, 30, 15, 20, 35, 27, 20, 18, 6, 20, 25, 20, 25, 15, 40, 20, 20, 40, 17, 25, 45, 21, 20, 12, 45, 25, 35, 20, 18, 25, 25, 15, 18, 35, 21, 20]"
crown of seasons,448.11,663.35,"[510, 620, 470, 640, 680, 650, 475, 660, 700, 620, 470, 6, 620, 610, 530, 470, 6, 6, 540, 470, 6, 620, 620, 660, 650, 630, 460, 660, 630, 620, 630, 490, 6, 660, 6, 670, 630, 6, 600, 500, 6, 650, 6, 630, 640, 510, 5, 6, 610, 6, 610, 470, 450, 6, 670, 610, 5, 630, 6, 650, 490, 610]","[640, 640, 695, 690, 670, 650, 670, 670, 630, 650, 680, 680, 650, 630, 665, 640, 640, 670, 630, 630, 680, 600, 690, 680, 665, 630, 720, 630, 660, 640, 645, 670, 690, 680, 630, 660, 675, 650, 650, 655, 655, 630, 680, 640, 700, 700, 630, 630, 630, 630, 680, 600, 710, 680, 680, 710, 650, 660, 630, 675, 640, 670, 670, 680, 650, 640, 680, 670, 630, 630, 660, 620, 620, 660, 675, 630, 670, 650, 650, 700, 730, 650, 590, 590, 665, 620, 650, 665, 700, 700, 700, 695, 695, 670, 670, 710, 650, 690, 630, 670, 625, 670, 670, 670, 670, 620, 640, 670, 660, 675, 670, 660, 630, 650, 550, 665, 685, 645, 685, 730, 680, 735, 675, 620, 625, 670, 650, 670, 680, 680, 680, 620, 625, 650, 680, 680, 680, 640, 630, 630, 730, 680, 690, 675, 650, 680, 700, 620, 650, 665, 625, 620, 710, 680, 675, 655, 670, 705, 705, 710, 630, 640, 670, 650, 650, 660, 640, 680, 660, 680, 670, 650, 630, 715, 715, 630, 680, 620, 660, 650, 680, 680, 710, 710, 690, 670, 685, 685, 670, 670, 660, 660, 700, 620, 630, 630, 675, 650, 635, 670, 650, 650, 625, 645, 690, 635, 630, 620, 620, 630, 650, 660, 660, 750, 730, 730, 730, 630, 630, 650, 670, 635, 620, 655, 670, 660, 690, 650, 750, 705, 670, 700, 670, 630, 665, 670, 680, 750, 750, 750]"
crown of spring,135,156.9,"[140, 130, 135]","[170, 150, 145, 195, 150, 150, 150, 160, 170, 160, 110, 140, 185, 140, 140, 170, 170, 180, 150, 155, 155, 170, 140, 140, 150, 150, 180, 125, 200]"
crown of summer,N/A,121.45,N/A,"[120, 120, 120, 113, 100, 130, 120, 105, 125, 110, 115, 125, 130, 120, 120, 150, 150, 108, 130, 110, 130, 130, 120, 125, 125, 120, 125, 130, 120, 115, 120, 120, 120, 120, 110, 120, 125, 115, 130, 130, 115, 115]"
crown of the cosmos,335,515.56,"[5, 500, 500]","[525, 510, 510, 510, 525, 520, 510, 550, 530, 520, 505, 520, 500, 500, 500, 500, 510, 525, 505, 515, 500, 500, 535, 520, 528, 520, 530, 510, 510, 528, 505, 538, 520, 495]"
crown of winter,163.33,177.19,"[160, 160, 170]","[170, 160, 310, 127, 225, 160, 160, 120, 170, 210, 210, 230, 220, 220, 220, 180, 200, 130, 120, 140, 130, 160, 170, 170, 160, 135]"
crystal crown,222.15,309.34,"[3, 240, 240, 270, 260, 260, 200, 180, 200, 195, 335, 185, 300, 280, 180, 220, 180, 235, 170, 310]","[240, 310, 305, 300, 295, 295, 290, 310, 315, 315, 325, 310, 240, 300, 320, 320, 310, 250, 300, 300, 325, 300, 310, 300, 310, 340, 285, 310, 300, 310, 350, 340, 295, 290, 305, 293, 290, 290, 310, 300, 300, 300, 350, 350, 350, 350, 350, 350, 315, 310, 310, 350, 330, 330, 330, 350, 330, 340, 340, 350, 300, 300, 360, 310, 310, 310, 320, 320, 295, 295, 305, 320, 320, 310, 325, 300, 340, 238, 330, 293, 300, 295, 310, 315, 295, 310, 290, 330, 330, 300, 300, 310, 294, 315, 285, 310, 320, 294, 325, 320, 300, 300, 310, 350, 305, 320, 300, 300, 300, 340, 310, 330, 310, 250, 300, 300, 320, 320, 300, 350, 300, 300, 300, 294, 306, 300, 300, 320, 320, 300, 300, 310, 310, 320, 300, 350, 305, 310, 310, 295, 290, 300, 300, 320, 300, 310, 285, 305, 295, 280, 330, 330, 315, 240, 305, 370, 310, 325, 350, 300, 310, 300, 300, 300, 250, 300, 320, 315, 295, 300, 300, 255, 255, 340, 330, 300, 345, 345, 300, 294, 294, 305, 230, 310, 330, 340, 300, 300, 320, 330, 345, 345, 260, 305, 360, 330, 290, 330, 300, 300, 300, 320, 300, 320, 310, 310, 300, 240, 310, 300, 320]"
crystal of hoa,99.62,114.71,"[115, 80, 115, 115, 115, 110, 100, 100, 100, 100, 80, 85, 80]","[80, 80, 130, 130, 110, 120, 150, 95, 95, 125, 115, 110, 100, 115, 115, 110, 140, 115, 100, 135, 110, 115, 115, 100, 120, 130, 135, 135, 105, 120, 100, 100, 110, 100, 100, 125, 105, 100, 105, 140, 140, 110, 115, 125, 150, 150, 150, 98, 110, 90, 120, 130, 150, 125, 105, 100, 100, 120, 110, 105, 105, 90, 125, 125, 110, 110, 130, 130, 110, 125, 90, 130, 105, 140, 110, 110, 100, 85, 120, 105, 110, 95, 110, 110, 130, 120, 110, 130, 90, 100, 110, 125, 100, 120, 120, 120, 135, 100, 130, 130, 140, 110, 100, 115, 110, 130, 100, 150, 150, 120, 100, 120, 110, 110, 105, 100, 100, 100, 140, 130, 100, 105, 120, 130, 95, 95, 125, 125, 120, 120, 110, 110, 110, 110, 115, 125, 105, 85, 95, 110, 125, 110, 110, 130, 115]"
cupcake hat,N/A,1.33,N/A,"[1, 1, 2]"
cursed wizard hat,N/A,1,N/A,"[1, 1, 1]"
cute bulb mask,200,213.31,[200],"[200, 200, 220, 220, 185, 185, 200, 240, 250, 250, 200, 193, 230]"
dame's fedora,N/A,0.25,N/A,[0.25]
dancemaster's crown,N/A,91,N/A,"[115, 88, 86, 85, 81]"
dark bunny mask,N/A,13.5,N/A,"[15, 12]"
dark cult hood,N/A,N/A,N/A,N/A
darkening hood,60,72.57,"[70, 60, 50, 60]","[90, 78, 50, 65, 85, 65, 75]"
dashing dolphin hat,N/A,97.5,N/A,"[90, 105]"
demogorgon mask,N/A,2.67,N/A,"[3, 3, 2, 3, 3, 2]"
demon control cap,233.33,249.85,"[240, 220, 230, 220, 240, 250]","[269, 250, 280, 240, 240, 275, 250, 270, 269, 240, 250, 220, 220, 260, 250, 250, 240, 240, 235, 235, 250, 250, 240, 280, 240, 230, 250, 240, 270, 270, 250, 250, 240, 240, 235, 300, 225, 260, 260, 250, 240, 260, 250, 230, 255, 255, 260, 230]"
diamond horn,527.08,643.42,"[625, 620, 480, 390, 590, 460, 620, 450, 490, 570, 550, 480]","[870, 600, 440, 570, 560, 570, 640, 880, 510, 560, 640, 910, 655, 550, 575, 875, 580, 670, 620, 540, 570, 555, 555, 445, 650, 475, 625, 625, 555, 555, 590, 590, 640, 480, 650, 560, 510, 590, 520, 700, 870, 710, 550, 840, 840, 620, 660, 870, 710, 690, 690, 600, 870, 570, 630, 635, 700, 630, 640, 600, 440, 440, 665, 565, 475, 550, 620, 670, 550, 640, 580, 550, 480, 500, 500, 620, 460, 460, 850, 850, 625, 640, 670, 850, 850, 700, 640, 560, 850, 610, 860, 860, 800, 465, 625, 770, 640, 700, 850, 620, 565, 445, 950, 660, 520, 880, 650, 450, 670, 480, 545, 565, 870, 660, 610, 645, 500, 650, 575, 565, 565, 900, 870, 930, 700, 700, 545, 680, 570, 880, 650, 650, 650]"
doctor's blingin' cap,N/A,140,N/A,[140]
dominatus moderateus,N/A,3.41,N/A,"[3, 5, 2, 2, 5, 4, 3, 3, 4, 3, 3, 3, 2, 5, 4, 6, 3, 3, 3, 4, 3, 2]"
doompunk top hat,N/A,1.6,N/A,"[2, 1, 2, 1, 2]"
dragon knight's helm,60,66.76,[60],"[65, 69, 65, 60, 75, 65, 56, 56, 68, 70, 75, 65, 64, 69, 68, 75, 70]"
dried leaf crown,3.14,4.12,"[3, 3, 1, 4, 5, 3, 3]","[4, 3, 4, 5, 3, 4, 5, 3, 3, 4, 4, 6, 3, 4, 4, 4, 4, 5, 4, 3, 4, 5, 5, 3, 8, 5, 4, 5, 4, 4, 5, 4, 4, 4, 4, 3, 5, 4, 3, 5, 5, 5, 4, 4, 3, 4, 5, 3, 4, 5, 4, 5, 4, 4, 3, 5, 3, 3, 4, 3, 3, 4, 5, 5]"
drinks hat,N/A,N/A,N/A,N/A
druid's crown,N/A,5.11,N/A,"[7, 7, 7, 4, 3, 3, 5, 5, 5]"
dumplings hat,81.25,94,"[130, 60, 80, 55]","[68, 120]"
dwarven mining helm,0.67,2.17,"[0.3333333333333333, 1]","[1, 2, 2, 1, 1, 1, 1, 2, 2, 6, 2, 5, 2, 3, 3, 2, 1, 4, 2, 1, 1, 2, 3]"
easter bonnet,148.46,148.59,"[135, 160, 160, 125, 170, 170, 150, 140, 150, 170, 150, 130, 120]","[150, 125, 160, 150, 150, 145, 155, 130, 150, 160, 150, 165, 160, 140, 135, 130, 150, 160, 180, 180, 145, 135, 150, 150, 105, 160, 160, 160, 140, 140, 140, 140, 145, 145, 150, 170, 165, 165, 150, 165, 160, 125, 170, 150, 130, 130, 160, 120, 140, 140, 160, 150, 135, 150, 140, 180, 175, 150, 160, 135, 120, 160, 170, 150, 140, 140, 150, 145, 110, 150, 150]"
egghead,400,438.13,"[400, 400]","[470, 510, 450, 440, 400, 435, 440, 450, 440, 440, 420, 440, 415, 435, 420, 430, 470, 440, 403, 410, 460, 460, 420, 420, 400, 550, 440, 500, 460, 415, 420, 430, 420, 420, 420, 400, 405, 475, 475, 395, 450, 405, 420, 470, 410, 400, 500, 420, 390, 470, 450, 450, 440, 420, 465, 435, 450, 420, 415, 465]"
elf hat,1,N/A,"[1, 1]",N/A
ezio's hood,N/A,N/A,N/A,N/A
fairy crown,N/A,0.1,N/A,"[0.1, 0.1, 0.06666666666666667, 0.1, 0.06666666666666667, 0.1, 0.06666666666666667, 0.1, 0.16666666666666666, 0.06666666666666667, 0.2]"
familiar hat,17,132.17,"[2, 32]","[5, 250, 130, 2, 10, 135, 205, 120, 130, 9, 180, 2, 2, 110, 250, 250, 180, 110, 100, 210, 210, 140, 300]"
feather headdress,N/A,5.83,N/A,"[7, 4, 3, 8, 10, 3]"
fedora,0.26,2.69,"[0.25, 0.2, 0.3333333333333333]","[0.5, 2, 12, 0.5, 0.5, 0.25, 0.5, 0.25, 0.3333333333333333, 0.25, 1, 8, 0.3333333333333333, 0.3333333333333333, 0.2, 2, 10, 10, 0.5, 9, 0.25, 0.25, 8, 8, 0.3333333333333333, 0.5, 0.5, 0.25, 0.25, 11, 8, 9, 0.1, 0.5, 2, 0.5, 1, 8, 10, 1, 0.5, 1, 0.5, 1, 0.5, 0.3333333333333333, 9, 9, 0.3333333333333333, 1, 0.25, 0.25, 0.25, 0.5, 0.25, 0.5, 0.3333333333333333]"
fiesta sombrero,46.43,59.24,"[30, 45, 40, 50, 60, 35, 65]","[55, 60, 70, 60, 60, 45, 55, 55, 53, 60, 75, 50, 55, 55, 55, 70, 50, 80, 50, 55, 65, 55, 50, 60, 60, 50, 50, 40, 80, 80, 60, 70, 75, 65, 50, 50, 80, 55, 60, 60, 55, 40, 65, 65, 60, 60, 60, 60, 80, 65, 55, 52, 60, 50, 75, 60, 50, 55, 55, 60, 60, 70, 45, 60, 60, 70, 50, 60, 50, 57]"
firefighter helmet - red,N/A,N/A,N/A,N/A
firefighter helmet - yellow,N/A,16.73,N/A,"[25, 25, 0.2]"
fishing hat,102.5,165,"[25, 180]","[175, 175, 145]"
flamingo hat,N/A,4,N/A,[4]
floatie crown,450,519.55,"[450, 500, 520, 510, 450, 420, 340, 400, 380, 450, 400, 500, 500, 500, 430]","[520, 440, 500, 500, 540, 520, 510, 500, 580, 580, 500, 570, 480, 525, 525, 500, 530, 520, 470, 500, 520, 510, 520, 520, 510, 580, 520, 445, 510, 520, 490, 495, 515, 510, 520, 550, 500, 500, 500, 505, 550, 540, 485, 520, 540, 480, 480, 500, 550, 530, 550, 500, 500, 510, 525, 520, 550, 500, 520, 490, 505, 500, 515, 570, 490, 540, 510, 540, 510, 500, 500, 560, 500, 510, 530, 550, 545, 550, 510, 550, 550, 450, 510, 535, 550, 520, 500, 500, 530, 500, 510, 550, 520, 540, 550, 520, 570, 520, 560, 480, 560, 520, 520, 525, 520, 550, 530, 490, 500, 510, 540, 540, 520, 520, 505, 520, 570, 520, 500, 560, 510, 530, 530, 515, 515, 525, 530, 525, 520, 520, 500, 500]"
floppy straw sun hat,0.25,0.75,[0.25],"[1, 0.5]"
flower headband,N/A,1.36,N/A,"[1, 3, 1, 1, 1, 1, 1, 2, 2, 1, 1, 1, 1, 2]"
foil hat,N/A,N/A,N/A,N/A
football helmet,2.74,2,"[0.2, 2, 1, 0.5, 10]",[2]
foppy 4.0,N/A,N/A,N/A,N/A
foxy hat,N/A,14,N/A,"[15, 12, 15]"
frangipani,495.83,569.96,"[520, 555, 430, 515, 550, 615, 430, 380, 480, 410, 430, 590, 590, 520, 520, 450, 590, 520, 440, 530, 430, 470, 485, 450]","[605, 560, 530, 620, 520, 570, 630, 570, 575, 530, 640, 650, 650, 535, 520, 600, 620, 620, 540, 520, 562, 540, 620, 540, 410, 615, 530, 500, 610, 530, 550, 650, 625, 620, 620, 530, 650, 650, 515, 590, 435, 625, 650, 565, 450, 600, 540, 625, 590, 620, 615, 430, 550, 560, 560, 550, 600, 600, 530, 510, 540, 525, 530, 530, 600, 620, 485, 660]"
froghat,300,63,[300],[63]
fruity hat,N/A,N/A,N/A,N/A
funk wizard hat,N/A,N/A,N/A,N/A
gargoyle mask,N/A,10.32,N/A,"[9, 8, 8, 10, 20, 9, 25, 10, 9, 6, 5, 10, 8, 8, 8, 15, 10, 16, 6, 5, 5, 17]"
gat,N/A,N/A,N/A,N/A
ghost dumplings hat,N/A,120,N/A,[120]
ghostking's glory,389.89,428.35,"[390, 390, 380, 390, 360, 395, 390, 395, 405, 380, 380, 400, 400, 380, 390, 390, 398, 405, 390]","[420, 408, 408, 430, 390, 405, 395, 455, 455, 430, 400, 450, 480, 390, 395, 450, 385, 385, 385, 460, 400, 430, 430, 400, 410, 400, 405, 430, 390, 410, 430, 430, 400, 530, 400, 390, 480, 420, 420, 460, 420, 410, 400, 400, 400, 420, 405, 510, 405, 430, 390, 475, 400, 415, 505, 505, 400, 540, 450, 390, 400, 475, 530, 450, 410, 400, 480, 440, 460]"
giant eye head,N/A,N/A,N/A,N/A
golden heartthrob helm,N/A,N/A,N/A,N/A
golden leprechaun hat,N/A,N/A,N/A,N/A
goldfish bowler hat,N/A,33.86,N/A,"[45, 32, 40, 30, 35, 25, 30]"
green leaf crown,27.5,27.17,"[30, 25]","[30, 20, 28, 25, 30, 25, 26, 26, 25, 35, 28, 28]"
greezak horde - warrior helmet,N/A,N/A,N/A,N/A
grow antennae,N/A,7.67,N/A,"[6, 9, 8, 6, 7, 10]"
grow punk helmet,N/A,2.15,N/A,"[3, 2, 1, 2, 2, 3, 3, 3, 3, 1, 1, 2, 2, 1, 1, 2, 3, 2, 2, 3, 1, 1, 2, 3, 3, 3, 1, 2, 1, 2, 2, 6, 2]"
growch's hat,N/A,N/A,N/A,N/A
growies cap,1,1.18,"[1, 1, 1, 1]","[0.5, 0.5, 0.2, 5, 1, 0.5, 3, 0.5, 1, 0.5, 1, 3, 1, 0.3333333333333333, 2, 0.5, 1, 0.5, 0.5, 1]"
guild challenge crown,17.17,20.55,"[15, 18, 20, 15, 18, 17]","[20, 20, 18, 21, 22, 22, 20, 20, 18, 20, 25, 20, 20, 23, 22, 25, 18, 22, 21, 21, 22, 21, 21, 25, 20, 20, 20, 20, 20, 20, 22, 20, 20, 16, 21, 18, 23, 20, 18, 19, 20, 19, 20, 15, 21, 23, 23, 20, 21, 21, 20, 17, 20, 21, 25, 20, 22, 25, 22, 18, 20, 18, 20, 19, 21, 21, 21, 18, 19, 24, 25, 25, 20, 19, 18, 20, 20, 21, 21, 21, 20, 20, 22, 19, 20, 20, 19]"
happy holidays hat,2,30,[2],[30]
harvest hood-ini,N/A,25.12,N/A,"[24, 30, 25, 30, 25, 25, 25, 23, 25, 23, 28, 22, 25, 20, 28, 25, 22, 25, 25, 25, 25, 25, 25, 28]"
harvest jade hat,N/A,281.43,N/A,"[325, 325, 225, 230, 325, 260, 280]"
haunted jack o' lantern,N/A,301.54,N/A,"[310, 440, 460, 310, 283, 283, 220, 300, 450, 420, 440, 2, 2]"
headsman's hood,N/A,10,N/A,[10]
heart antennae hat,N/A,N/A,N/A,N/A
heartking's crown,N/A,1.82,N/A,"[2, 3, 2, 1, 2, 2, 2, 2, 2, 3, 1, 1, 2, 1, 2, 1, 2]"
heartqueen's crown,N/A,1,N/A,"[1, 1, 1, 1, 1, 1, 1]"
heartthrob helm,N/A,2.41,N/A,"[3, 3, 2, 3, 2, 2, 3, 1, 2, 2, 2, 3, 1, 3, 1, 3, 3, 3, 3, 2, 3, 3]"
hellfire horns (disambiguation),N/A,N/A,N/A,N/A
hellfire horns - black,28.67,2983.33,"[34, 26, 26]","[2780, 3100, 3050, 3050, 2960, 2960]"
hellfire horns - blue,N/A,3442.33,N/A,"[52, 5200, 5075]"
hellfire horns - orange,1439,1618.57,"[28, 2850]","[4150, 3525, 3500, 32, 40, 39, 44]"
hellfire horns - ruby,N/A,N/A,N/A,N/A
helmet of darkness,31.25,37.08,"[30, 30, 28, 37]","[30, 35, 28, 30, 30, 40, 45, 40, 45, 45, 45, 45, 35, 30, 35, 40, 31, 35, 45, 35, 35, 45, 35, 35, 30, 40, 50, 31, 30, 45, 30, 35, 30, 37, 38, 45]"
hermit crab helmet,N/A,88.64,N/A,"[80, 100, 90, 80, 90, 80, 95, 80, 80, 100, 100]"
horn headband,680,709.82,"[725, 690, 690, 685, 670, 670, 680, 670, 680, 700, 660, 670, 660, 670]","[750, 690, 690, 705, 720, 720, 715, 750, 695, 720, 750, 725, 690, 680, 725, 725, 710, 710, 750, 700, 670, 700, 700, 720, 690, 730, 740, 690, 700, 730, 690, 690, 675, 700, 720, 700, 685, 730, 675, 720, 730, 720, 720, 740, 740, 640, 710, 720, 720, 680, 705, 690, 675, 710, 730, 740, 730, 690, 700, 740, 710, 715, 715, 725, 700, 730, 730, 660, 675, 720, 725, 680, 710, 730, 700, 700, 700, 675, 750, 700, 750, 700]"
horns of growganoth,N/A,3340.6,N/A,"[2, 190, 183, 198, 16180, 190, 188, 15920, 195, 160]"
horns of infinity,921.3,1348.42,"[1240, 16, 11, 11, 1060, 1650, 1650, 1050, 11, 1250, 1240, 1220, 1100, 1480, 11, 1270, 1500, 16, 1090, 1550]","[1360, 1215, 1215, 1260, 1265, 1550, 1410, 1430, 1430, 1120, 1120, 1560, 1130, 1600, 1200, 1640, 1460, 1460, 1150, 1150, 1220, 1205, 1510, 1645, 1305, 1600, 1140, 1570, 1230, 1530, 1150, 1215, 1230, 1265, 1600, 1530, 1460, 1470, 1500, 1500, 1520, 1270, 1650, 1140, 1250, 1480, 1480, 1260, 1400, 1120, 1370, 1670, 1460, 1150, 1510, 1500, 1545, 1220, 1660, 1285, 1490, 1490, 1380, 1500, 1670, 1320, 1510, 1230, 1230, 1235, 1235, 1160, 1145, 1150, 1570, 1145, 1490, 1490, 1350, 1265, 1280, 1140, 1445, 1150, 1235, 1150, 1545, 1140, 1530, 1470, 1160, 1160, 1410, 1115, 1130, 1185, 1185, 1120]"
hot cross bun beret,50,76.11,"[65, 60, 30, 45]","[85, 60, 60, 60, 70, 120, 80, 60, 90]"
howling pineapple crown,325,337.96,[325],"[320, 320, 350, 300, 300, 315, 340, 330, 320, 380, 350, 300, 340, 365, 340, 390, 340, 350, 320, 330, 350, 290, 350, 360, 320, 360, 350, 340, 340, 360, 345, 360, 360, 300, 330, 325, 360, 350, 300, 330, 330, 350, 330, 325, 325, 380, 355, 350, 300, 300, 340, 390, 345, 350]"
howly hat,6.52,16,"[7, 12, 7, 0.1]","[15, 15, 15, 15, 20]"
indonesian headdress,N/A,88,N/A,"[55, 55, 200, 65, 65]"
infinity crown,N/A,N/A,N/A,N/A
irish top hat,7,N/A,"[6, 8]",N/A
item of the month/2020,N/A,N/A,N/A,N/A
jack's hat,N/A,N/A,N/A,N/A
jester's cap,15,12.45,[15],"[9, 25, 9, 10, 12, 13, 10, 14, 1, 20, 14]"
jiangshi hat,N/A,17.17,N/A,"[50, 1, 0.5]"
kamishimo hat,N/A,2,N/A,"[2, 2, 2, 2, 2, 2, 2]"
killer doctor's cap,N/A,N/A,N/A,N/A
knight helmet,N/A,48.74,N/A,"[4, 75, 65, 75, 57, 75, 75, 80, 0.2, 85, 4, 65, 75, 0.2, 64, 70, 65, 4, 80, 75, 0.2, 65, 0.2, 0.2, 70, 4, 85, 60, 70, 0.2, 4, 70, 73, 0.2, 85, 75, 0.2, 0.2, 65, 70, 65, 70, 70]"
knight's great helm - golden,7,11.67,[7],"[5, 15, 15]"
knight's helm - antlers,N/A,N/A,N/A,N/A
knight's helm - crusader,N/A,5,N/A,"[5, 5]"
koala ears,74.52,90.67,"[60, 60, 80, 85, 90, 85, 65, 55, 70, 55, 50, 95, 85, 90, 75, 55, 95, 85, 70, 80, 80]","[95, 100, 93, 93, 90, 95, 60, 110, 60, 90, 90, 100, 120, 60, 85, 90, 90, 95, 90, 100, 100, 95, 95, 90, 95, 60, 100, 100, 90, 60, 85, 65, 90, 87, 83, 100, 95, 95, 90, 95, 85, 95, 90, 105, 97, 85, 100, 70, 120, 120, 95, 65, 100, 90, 80, 65, 130]"
kuma-boshi,N/A,N/A,N/A,N/A
leprechaun hat,N/A,N/A,N/A,N/A
light up antlers,8,13.06,[8],"[9, 10, 20, 15, 15, 11, 10, 10, 15, 11, 20, 20, 15, 11, 13, 10, 10, 11, 9, 10, 10, 12, 12, 19, 10, 10, 10, 10, 5, 20, 20, 15, 20, 15, 15, 12]"
lightning horns,200.88,215.7,"[250, 180, 185, 165, 160, 180, 230, 270, 190, 165, 170, 150, 255, 175, 170, 320, 200]","[400, 180, 370, 360, 2, 220, 180, 180, 320, 205, 205, 205, 305, 230, 195, 180, 180, 310, 190, 240, 350, 335, 300, 185, 160, 170, 168, 168, 170, 185, 250, 200, 178, 185, 360, 175, 185, 190, 190, 190, 195, 175, 160, 160, 160, 185, 185, 170, 360, 190, 190, 170, 250, 180, 300, 170, 240, 190, 190, 185, 185, 180, 172, 172, 177, 177, 350, 180, 180, 250, 180, 230, 315, 315, 400, 195, 325, 177, 200, 170, 185, 170, 170, 330, 185, 185, 220, 185, 185, 180, 180, 180, 180, 190, 187, 220, 185, 310, 299, 170, 190, 190, 190, 180, 180, 180, 330, 330, 330, 185, 190, 190, 170, 175, 175, 175, 355, 330, 210, 222, 205, 180, 200, 200, 315, 185, 330, 325, 325, 195, 195, 180, 250, 250, 200, 200, 200, 175, 200, 345, 170, 325, 340, 330, 360, 170, 195, 170, 170, 220, 250, 230, 325, 180, 185, 185, 190, 190, 190, 185, 300, 300, 300, 370, 340, 185, 5, 190, 190, 257, 220, 220, 160, 185, 185, 180, 190, 190, 5, 180, 180, 170, 170, 275, 190, 190, 3, 320, 180, 180, 175, 180, 180, 175, 280, 194, 170, 175, 345, 345, 385, 200, 180, 163, 185, 185, 215, 350, 160, 164, 185, 220, 170, 295, 220, 3, 3, 220, 340, 180, 260, 195, 180, 205, 185, 198]"
loving halo,137.5,158.29,"[120, 130, 150, 110, 170, 120, 130, 160, 120, 180, 140, 170, 120, 140, 150, 130, 130, 105]","[145, 145, 145, 190, 160, 145, 145, 160, 165, 160, 160, 150, 160, 200, 190, 155, 150, 170, 120, 140, 135, 135, 125, 125, 150, 170, 170, 135, 135, 150, 150, 150, 190, 135, 160, 170, 170, 160, 160, 160, 170, 160, 170, 170, 160, 145, 145, 170, 175, 175, 150, 190, 140, 190, 160, 160, 160, 170, 160, 140, 170, 170, 155, 145, 150, 150, 160, 145, 185, 160, 200, 130, 140, 180, 150, 190]"
lucky lizard hat,N/A,81,N/A,"[95, 38, 110]"
lucky pinata hat,30,35,"[35, 25]","[45, 25, 35]"
mad hatter,98.33,116.59,"[110, 110, 80, 100, 100, 90]","[120, 119, 110, 115, 120, 120, 120, 125, 120, 110, 110, 130, 95, 95, 120, 120, 130, 80, 110, 110, 115, 135, 115, 135, 120, 120, 105, 110, 95, 140, 120, 120, 110, 100, 110, 130, 100, 125, 120, 120, 120, 110, 130, 125, 110, 120, 120, 125, 120, 120, 120, 120, 85, 120, 125, 120, 115, 115, 110, 120, 125, 100, 110, 110, 120, 120, 120, 120, 110, 120, 120, 110, 130, 130, 110, 115, 115, 110, 100, 95, 95, 95, 120, 118, 118, 120, 120, 120, 95, 110, 110, 110, 120, 150, 120, 120, 120, 110, 150, 115, 130, 120, 120, 120, 120, 115, 120, 100, 90, 120, 150, 90, 105, 130, 90, 130, 115, 110, 110, 110, 113, 125, 95, 110, 120, 120, 115, 130, 120, 110, 110, 130, 115, 120, 150, 100, 120, 125, 125, 130, 130, 125, 125, 130, 120, 115, 115]"
mah-kah-ron hat,N/A,N/A,N/A,N/A
mariachi hat,N/A,2,N/A,"[2, 2]"
medusa's crown,N/A,400,N/A,[400]
"meh, bunny mask",N/A,N/A,N/A,N/A
merlin hat,N/A,28,N/A,"[30, 24, 26, 30, 30]"
mighty legend helm,12,22.67,[12],"[5, 13, 50]"
monk's hood,N/A,1.5,N/A,"[2, 1, 1, 1, 2, 0.5, 2, 2, 2]"
monkey mask,N/A,12,N/A,[12]
monkey warrior's circlet,18.33,24.5,"[15, 20, 20]","[23, 27, 25, 20, 25, 25, 30, 20, 25, 25, 21, 20, 23, 28, 23, 25, 25, 25, 22, 25, 28, 20, 28, 20, 28, 30, 25, 25]"
monster mummy nemes,N/A,22.53,N/A,"[4, 10, 2, 10, 7, 4, 3, 140, 65, 30, 10, 3, 10, 60, 3, 7, 15]"
moon mask,N/A,55,N/A,[55]
mooncake hat,N/A,12.29,N/A,"[11, 11, 11, 14, 12, 12, 12, 12, 12, 10, 15, 20, 10, 10]"
moose cap,4.33,8.78,"[4, 3, 3, 6, 5, 5]","[5, 7, 14, 14, 7, 5, 6, 6, 8, 7, 11, 12, 11, 13, 5, 20, 10, 7, 10, 5, 7, 7, 5, 20, 12, 13, 13, 0.14285714285714285, 0.14285714285714285, 7, 6, 5, 6, 6, 20, 7, 8, 0.08333333333333333, 0.08333333333333333, 25, 5, 6, 10, 10, 9, 5, 15, 15, 5]"
mountain cap,12.75,11.81,"[12, 12, 15, 12]","[15, 10, 15, 13, 10, 10, 10, 10, 10, 15, 15, 10, 10, 10, 10, 13, 5, 10, 10, 10, 10, 18, 18, 12, 12, 10, 10, 10, 15, 14, 15, 14, 10, 13, 13, 10]"
mythic tiger crown,127.5,141.6,"[160, 90, 140, 120]","[125, 130, 150, 130, 155, 155, 150, 170, 170, 138, 138, 135, 135, 135, 135, 137, 137, 140, 140, 155, 100, 140, 140, 140, 130, 140, 140, 130, 130, 115, 135, 165, 150, 135, 135, 130, 150, 135, 135, 135, 150, 140, 140, 165, 165, 99, 140, 140, 130, 130, 130, 190, 150, 135, 130, 130, 130, 150, 165, 140, 130, 150, 150, 150, 140, 160, 160, 160, 120, 168, 140, 130, 168, 120, 130, 125, 165, 160, 145, 145, 170, 165, 125, 130, 130, 145, 150, 180, 130, 140, 125, 125, 130, 135, 145, 123, 150, 140, 140, 150, 150, 145, 150, 170, 135, 130, 130, 120, 140, 150, 130, 140, 140, 140, 130, 140, 135, 135, 130, 150, 135, 135, 130, 140, 160, 160, 130, 135, 155, 155, 125, 155, 165, 155, 129, 130, 165, 135, 135]"
neon manta ray,N/A,N/A,N/A,N/A
neptune's crown,N/A,N/A,N/A,N/A
nest hat,415,930,[415],"[1320, 540]"
nocturnal crown,145.56,149.94,"[110, 140, 120, 120, 155, 160, 170, 165, 170]","[180, 160, 160, 160, 150, 155, 150, 180, 150, 150, 150, 150, 165, 180, 110, 135, 145, 145, 145, 150, 105, 150, 165, 145, 155, 129, 170, 170, 135, 160, 145, 145, 110, 150, 120, 120, 130, 150, 155, 150, 160, 150, 145, 150, 150, 160, 170, 120, 140, 175, 135, 135, 160, 120, 160, 155, 180, 160, 155, 180, 180, 145, 165, 150, 155, 155, 160, 125, 135, 135, 150, 115, 115, 115, 113, 160, 165, 185, 160, 155, 155, 168, 155, 160, 155, 150, 175]"
non la,877.58,1921.95,"[27, 24, 27, 26, 22, 2610, 26, 2680, 2340, 26, 26, 27, 2650, 27, 2650, 27, 2650, 24, 26, 2750, 25, 2320, 26, 26]","[33, 45, 52, 30, 2760, 2700, 2700, 31, 2750, 38, 2660, 2660, 30, 27, 2770, 2635, 2635, 2650, 2700, 50, 35, 35, 3450, 2635, 2635, 2850, 35, 2760, 2650, 2850, 2650, 2720, 27, 42, 2750, 26, 2675, 2675, 2675, 2350, 27, 2775, 2670, 2680, 47, 2850, 4750, 5000, 2690, 31, 31, 2640, 2650, 28, 31, 2800, 2800, 31, 29, 36, 2635, 2635, 23, 2640, 2770, 2750, 2330, 2600, 2470, 29, 2640, 2680, 3230, 2640, 28, 35, 4150, 4400, 2670, 2670, 2800, 2675, 2675, 2750, 2660, 2750, 4150, 2800, 2800, 2900, 28, 2650, 2660, 2660, 2660, 2650, 2750, 27, 2660, 2650, 2750, 2755, 2750, 2640, 2750, 2750, 3600, 2750, 27, 5200, 26, 27, 36, 36, 2250, 2625, 2625, 26, 2635, 2280, 27, 29, 2685, 2630, 2680, 2770, 28, 2670, 2680, 2850, 2850, 2850, 42, 2650, 2750, 41, 2720, 2690, 36, 36, 36, 27, 27, 3250, 26, 23, 2700, 2650]"
noodle bowl hat,175,200,"[170, 180]",[200]
noodle's loaf hat,45,41.83,[45],"[45, 45, 25, 40, 1, 75, 3, 70, 40, 40, 68, 50]"
nutcracker hat,N/A,19.5,N/A,"[4, 35]"
oceanic crown,9,10.05,"[9, 10, 8]","[10, 8, 15, 11, 11, 10, 10, 9, 15, 9, 10, 10, 10, 13, 8, 10, 9, 7, 8, 11, 10, 10, 13, 9, 15, 7, 5, 9, 15, 9, 9, 12, 7, 10, 8, 10, 10, 9, 10, 10, 10, 10, 15, 10, 11, 9, 10, 9, 13, 13, 8, 10, 6, 8, 7, 14, 9]"
octopus head,0.5,1.05,"[0.5, 0.5, 0.5, 0.5]","[1, 1, 1, 1, 1, 1, 0.5, 1, 1, 2, 1, 1, 1, 1, 0.5, 1, 1, 1, 1, 1, 1, 1, 3, 3, 0.5, 0.5, 1, 1, 0.5, 1, 1, 1, 1, 1, 1, 1, 1, 0.5, 0.5, 1, 1, 1, 0.5, 0.5, 1, 1, 1, 0.5, 2, 2, 1, 0.5, 0.5, 1, 1, 1, 0.5, 2, 1, 0.5, 1, 2, 1, 2]"
old-timey hat,225,N/A,[225],N/A
outback hat,23,24.44,[23],"[23, 28, 26, 24, 24, 26, 25, 20, 24]"
owl mask,N/A,26.14,N/A,"[25, 25, 35, 25, 18, 25, 30]"
oxen battle helm,35.91,41.33,"[50, 40, 30, 5, 30, 40, 35, 50, 30, 50, 35]","[40, 70, 40, 35, 33, 33, 33, 50, 50, 35, 30, 30, 50, 65, 30, 40, 40, 40]"
panda mask,N/A,38.75,N/A,"[40, 35, 30, 50]"
party hat,0.2,N/A,[0.2],N/A
party style top hat,N/A,N/A,N/A,N/A
pearl tiki crown,61.5,69.26,"[60, 80, 55, 75, 55, 80, 40, 75, 60, 70, 66, 55, 60, 70, 60, 64, 50, 38, 38, 75, 55, 70, 50, 75]","[55, 60, 70, 80, 60, 70, 53, 70, 70, 80, 80, 50, 85, 55, 55, 70, 80, 85, 70, 70, 80, 70, 70, 80, 85, 60, 45, 80, 75, 85, 75, 75, 60, 80, 70, 70, 70, 58, 80, 80, 80, 65, 85, 60, 66, 65, 65, 60, 85, 60, 70, 80, 80, 70, 65, 40, 50, 80, 80, 50, 80, 55, 70, 80, 80, 50, 69, 55, 70, 50, 50, 80, 55, 45, 57, 75, 70, 85, 40, 75, 75, 90, 90, 90, 85, 80, 60, 60, 80, 80, 75, 56, 57]"
peas in a pod hat,N/A,N/A,N/A,N/A
pegasus crown,196.67,251.36,"[200, 200, 190]","[250, 265, 270, 200, 310, 280, 220, 320, 190, 200, 260]"
pet punching ghost,431.33,622.03,"[4, 810, 480]","[770, 930, 540, 945, 570, 570, 550, 540, 430, 650, 450, 760, 760, 950, 980, 700, 800, 600, 440, 570, 515, 515, 950, 460, 955, 520, 965, 500, 650, 530, 650, 550, 530, 530, 830, 750, 830, 430, 490, 570, 450, 460, 460, 550, 440, 430, 480, 450, 500, 780, 60, 530, 580, 60, 930, 880, 450, 570, 950, 415, 700, 520, 900, 800, 510, 555, 555, 820, 550, 10, 650, 880, 580, 630, 470, 480, 720, 400, 920, 920, 920, 900, 800, 800, 7, 830, 550, 570, 800, 620, 630, 920, 750, 470, 500, 500, 550]"
pet royal guard,N/A,522.5,N/A,"[500, 500, 620, 600, 435, 480]"
pet trainer cap,14.4,16.4,"[5, 15, 10, 12, 30]","[11, 16, 20, 15, 25, 15, 13, 15, 17, 17]"
petite pineapple hair pin,N/A,N/A,N/A,N/A
phoenix crown,N/A,168.55,N/A,"[175, 182, 150, 180, 155, 170, 147, 170, 175, 175, 175]"
phonecats hat,N/A,N/A,N/A,N/A
pilgrim's bonnet,N/A,3.5,N/A,"[4, 2, 3, 2, 4, 4, 2, 2, 3, 3, 5, 5, 3, 5, 3, 2, 3, 2, 8, 6, 4, 3, 3, 3]"
pilgrim's hat,N/A,N/A,N/A,N/A
pineapple coronet,166.67,209.46,"[150, 200, 150]","[225, 350, 220, 220, 350, 200, 135, 70, 150, 130, 120, 230, 5, 125, 250, 150, 160, 160, 160, 160, 150, 150, 150, 230, 250, 300, 300, 150, 150, 229, 200, 150, 229, 240, 240, 100, 130, 145, 215, 300, 300, 200, 220, 200, 130, 200, 200, 250, 160, 160, 220, 220, 320, 200, 150, 330, 300, 300, 335, 120, 150, 250, 250, 250, 300, 330, 300, 330, 200]"
pineapple pyramid hat,N/A,N/A,N/A,N/A
pineapple tiki mask,N/A,N/A,N/A,N/A
pink fedora,7.9,8.59,"[8, 8, 7, 6, 10, 8, 8, 10, 7, 7]","[8, 8, 8, 8, 8, 8, 7, 8, 10, 10, 8, 8, 9, 9, 8, 8, 7, 7, 8, 8, 9, 8, 7, 8, 10, 7, 9, 9, 10, 10, 9, 8, 8, 8, 8, 9, 8, 8, 11, 8, 10, 10, 8, 10, 8, 10, 9, 8, 10, 8, 8, 7, 7, 9, 9, 9, 9, 8, 9, 8, 7, 9, 10, 9, 9, 8, 8, 9, 10, 7, 9, 10, 7, 7, 10, 8, 7, 7, 9, 8, 8, 10, 7, 7, 9, 11, 11, 8, 8, 8, 8, 7, 8, 10, 10, 8, 8, 10, 10, 10, 10, 9, 7, 9, 10, 11, 8, 7, 10, 10, 8, 8, 9, 10, 9, 7, 8, 5, 12, 10, 12, 7, 9, 10, 9, 8, 9, 10, 8, 8, 8, 10, 8, 7, 9, 7, 8, 8, 8, 9, 8, 7, 9, 9, 8, 7, 9, 8, 8, 8, 8, 8, 9, 8, 12, 8, 8, 9, 10, 6, 10, 9, 9, 10, 8, 7, 7, 9, 9, 8, 8, 7, 9, 8, 9, 9, 8, 10, 8, 8, 8, 10, 8, 8, 8, 9, 8, 10, 10, 8, 9, 10, 12, 8, 8, 8, 8, 9, 8, 12, 9, 8, 9, 6, 9, 8, 10, 9, 9, 7, 10, 8, 7, 9, 9, 9, 8, 9, 11, 10, 8, 9, 8, 10, 9, 9, 9, 8, 8, 8, 9, 10, 9, 9, 8, 8, 10, 10, 10, 11, 10, 12, 8, 8, 8, 8, 7, 8, 10, 9, 7, 8, 12, 9, 7, 8, 10, 10, 8, 10, 9, 10, 10, 7, 8, 7, 8, 9, 7, 7, 9, 7, 9, 9, 9, 10, 8, 10, 9, 8, 8, 8, 10, 9, 8, 8, 8, 10, 9, 8, 9, 8, 10, 9, 6, 10, 8, 9, 8, 8, 12, 12, 10, 8, 10, 8, 9, 9, 9, 9, 8, 8, 7, 8, 8, 7, 8, 8, 7, 9, 10, 8, 8, 8, 8, 8, 9, 8, 10, 8, 8, 7, 8, 8, 10, 7, 7, 12, 9, 9, 8, 7, 9, 8, 8, 8, 7, 8, 8, 8, 8, 7, 7, 10, 10, 8, 10, 10, 8, 8, 8, 6, 9, 9, 8, 8, 9, 6, 5, 10, 9, 9, 10, 9, 7, 10, 9, 9, 8, 8, 9, 9, 7, 8, 10, 8]"
pink hair bow,N/A,N/A,N/A,N/A
pink teddy mask,N/A,116.67,N/A,"[120, 110, 120]"
pirate hat,N/A,N/A,N/A,N/A
pith helmet,N/A,0.37,N/A,"[0.5, 0.25, 0.5, 0.5, 0.5, 0.3333333333333333, 0.5, 0.3333333333333333, 0.25, 0.2, 0.25, 0.3333333333333333]"
plague doctor hat,N/A,16.4,N/A,"[15, 18, 18, 16, 15]"
pooka hood,22.86,26,"[20, 20, 35, 20, 20, 25, 20]","[20, 30, 30, 23, 25, 30, 27, 23, 20, 30, 25, 35, 20, 30, 25, 20, 30, 25, 35, 35, 30, 20, 25, 20, 3, 28, 35, 22, 35, 25, 25]"
possessed witch hat,N/A,N/A,N/A,N/A
punch antennae,N/A,8,N/A,[8]
purple shore crab headband,N/A,32.73,N/A,"[35, 30, 40, 40, 30, 35, 30, 30, 30, 30, 30]"
rabbit top hat,1000,538.09,[1000],"[15, 1450, 20, 14, 15, 1580, 15, 1050, 20, 20, 1720]"
raccoon hat,N/A,210,N/A,[210]
raspberry beret,N/A,25.46,N/A,"[26, 28, 27, 26, 22, 25, 24, 30, 30, 25, 25, 35, 27, 25, 25, 25, 25, 25, 25, 25, 25, 29, 25, 26, 27, 24, 25, 22, 26, 26, 22, 22, 26, 27, 20, 25, 20]"
reanimated howly hat,12,14.43,"[2, 14, 20]","[11, 18, 10, 10, 20, 12, 12, 10, 14, 14, 14, 13, 12, 10, 2, 14, 13, 15, 24, 20, 13, 16, 30, 13, 25, 15, 12, 15, 14, 12]"
red brimmed hat,N/A,0.5,N/A,"[0.5, 0.5, 0.5]"
red dragon body,N/A,N/A,N/A,N/A
red dragon head,1,2,[1],"[2, 2, 2]"
red dragon legs,N/A,N/A,N/A,N/A
red dragon tail,N/A,1,N/A,"[1, 1]"
red panda spirit,300,344.12,[300],"[390, 380, 450, 360, 405, 340, 270, 375, 380, 230, 400, 430, 260, 330, 365, 220, 270, 380, 208, 330, 380, 350, 330, 300, 470]"
red riding hood,N/A,0.04,N/A,"[0.05, 0.05, 0.025, 0.03333333333333333, 0.025, 0.03333333333333333]"
rhino horn,310,318.25,"[320, 300, 250, 290, 340, 350, 340, 290]","[280, 280, 325, 290, 305, 300, 375, 320, 290, 290, 333, 290, 325, 325, 340, 300, 325, 400, 300, 300, 325, 400, 310, 310]"
ringmaster hat,N/A,0.09,N/A,"[0.08333333333333333, 0.1]"
rockin' headband,N/A,0.31,N/A,"[0.3333333333333333, 0.3333333333333333, 0.25]"
role up!/builder,N/A,N/A,N/A,N/A
rooster hat,N/A,N/A,N/A,N/A
rose hairpin,2,710,[2],[710]
royal nocturnal crown,542,550.93,"[525, 595, 500, 620, 470]","[610, 515, 520, 540, 590, 530, 540, 460, 590, 580, 580, 620, 630, 510, 585, 530, 580, 520, 600, 500, 560, 500, 580, 540, 600, 535, 570, 530, 530, 560, 570, 540, 535, 570, 500, 610, 500, 530, 530, 500, 510, 545, 510, 550, 630, 520, 560, 520, 535, 580, 500, 400, 560, 540, 520, 540, 535, 580, 520, 520, 600, 600, 580, 550, 600, 480, 480, 580, 615, 630, 610, 610, 530, 520, 530, 530, 530, 620, 540, 520, 570, 540, 500, 500, 540, 580, 620, 540, 620, 600, 575]"
royal red panda spirit,610,614.57,[610],"[800, 800, 880, 550, 390, 700, 400, 900, 900, 630, 410, 600, 780, 6, 395, 460, 460, 450, 395, 1600, 400]"
safari hat,2,N/A,[2],N/A
sami hat,N/A,N/A,N/A,N/A
samurai's kabuto,N/A,2.65,N/A,"[1, 5, 2, 3, 3, 2, 2, 3, 2, 1, 5, 5, 2, 1, 3, 3, 2]"
santa hat,N/A,70,N/A,"[70, 70]"
scrub cap,N/A,0.12,N/A,"[0.125, 0.1, 0.1, 0.125, 0.125, 0.125, 0.125]"
serpent headdress,N/A,0.62,N/A,"[0.5, 1, 0.5, 0.5]"
shadow crown,734.78,1871.58,"[5950, 27, 30, 58, 60, 43, 40, 35, 40, 50, 5850, 42, 32, 35, 40, 55, 4200, 43, 40, 63, 40, 66, 61]","[59, 58, 65, 65, 6100, 44, 4900, 60, 65, 56, 42, 61, 5990, 64, 4800, 56, 4650, 65, 40, 48, 43, 63, 4650, 60, 61, 52, 43, 48, 48, 4050, 59, 58, 61, 61, 6100, 6100, 60, 40, 4180, 50, 6200, 6200, 41, 4650, 42, 6050, 61, 61, 65, 65, 4650, 4250, 4020, 5450, 4750, 62, 62, 57, 5650, 4265, 60, 60, 57, 60, 42, 5550, 48, 43, 75, 67, 51, 4570, 48, 40, 4170, 4250, 49, 6450, 5980, 6250, 4130, 6380, 57, 4050, 4150, 4050, 59, 64, 4680, 65, 55, 41, 50, 55, 55, 48, 48, 48, 58, 46, 4755, 4250, 4050, 59, 42, 4020, 4450, 4250, 4900, 58, 40, 4030, 4030, 60, 4250, 6000, 4050, 4050, 43, 58, 4150, 4820, 5450, 42, 50, 50, 43, 41, 45, 45, 57, 59, 58, 58, 58, 4000, 4000]"
shamrock hair pin,N/A,N/A,N/A,N/A
shark head,474.24,515.98,"[350, 550, 500, 505, 400, 475, 480, 450, 475, 450, 500, 480, 490, 500, 470, 480, 490, 515, 350, 500, 480, 490, 500, 510, 480, 495, 510, 500, 470, 520, 460, 505, 320]","[560, 510, 515, 500, 500, 540, 515, 540, 505, 550, 500, 500, 500, 510, 540, 515, 520, 520, 510, 520, 500, 515, 535, 510, 510, 510, 510, 550, 535, 500, 505, 505, 500, 520, 520, 540, 520, 520, 495, 530, 490, 580, 490, 520, 530, 490, 500, 500, 500, 515, 550, 530, 530, 520, 525, 525, 495, 500, 515, 520, 505, 500, 515, 490, 500, 500, 505, 525, 550, 490, 500, 520, 510, 485, 500, 500, 502, 502, 502, 535, 495, 500, 550, 520, 520, 520, 470, 560, 510, 520, 520, 520, 510, 515, 515, 500, 495, 530, 530, 500, 505, 520, 500, 500, 510, 505, 505, 525, 525, 490, 510, 505, 560, 515, 520, 500, 550, 515, 510, 525, 500, 560, 530, 510, 520, 500, 520, 560, 530, 530, 520, 555, 505, 505, 520, 500, 530, 530, 540, 490, 540, 510, 505, 520, 490, 550, 510, 480, 570, 520, 490, 545, 510, 515, 495, 475, 510, 545, 545, 545, 545, 485, 485, 520, 520, 520, 550, 510, 525, 525, 515, 500, 490, 500, 550, 490, 520, 510, 525, 510]"
showgirl headdress,N/A,5,N/A,[5]
silk turban,25,22.8,[25],"[25, 23, 25, 20, 20, 25, 30, 15, 23, 22]"
ski cap,100.83,0.05,"[0.04, 0.1, 300, 20, 184]","[0.05, 0.05, 0.06666666666666667, 0.04, 0.05, 0.0625, 0.05]"
ski helmet,N/A,226.5,N/A,"[450, 3]"
sleepy santa hat,N/A,40,N/A,[40]
slouch beanie,31.15,37.21,"[35, 35, 21, 30, 38, 35, 25, 33, 25, 35, 37, 30, 30, 35, 35, 35, 35, 35, 40, 35, 19, 16, 16, 30, 35, 35]","[40, 40, 40, 50, 45, 38, 40, 45, 45, 40, 40, 50, 55, 50, 50, 53, 55, 38, 35, 23, 60, 60, 50, 25, 25, 30, 40, 30, 23, 23, 20, 25, 40, 40, 45, 45, 22, 35, 7, 18, 35, 35, 40, 35, 25, 45, 45, 37, 45, 45, 20, 25, 40, 25, 45, 32, 25, 40, 50, 23, 40, 45, 35, 50, 20, 40, 30, 25, 40, 45, 45, 38, 20, 25, 40, 45, 43, 43, 40, 40, 22, 45, 41, 40, 30, 25, 42, 22, 43, 43, 38, 20, 38, 38, 38, 40, 25, 35, 50, 45, 25, 25, 60, 35, 40, 30, 47, 47, 25, 35, 35, 40, 25, 55, 55, 20, 40, 42, 42, 42, 50, 30, 40, 40, 22, 38, 22, 23, 35, 45, 40, 40, 20, 28, 22, 27, 25, 40, 41, 41, 25, 25, 60, 60, 50, 38, 55, 25, 53, 40]"
snowfrost's top hat,N/A,N/A,N/A,N/A
sombrero,N/A,1,N/A,"[1, 1]"
sombrero assault,N/A,N/A,N/A,N/A
spelunker's headlamp,N/A,3.55,N/A,"[3, 3, 1, 3, 3, 3, 4, 3, 4, 4, 5, 2, 5, 5, 3, 3, 4, 5, 2, 2, 1, 5, 3, 3, 5, 5, 4, 5, 5, 1, 3, 4, 4, 5, 2, 3, 3, 5, 3, 4, 5, 2, 3, 5, 4, 3, 4, 2, 2, 5, 2, 2, 5, 2, 2, 7, 7, 4, 3, 4]"
spiritual resonator,35.62,42.08,"[45, 40, 30, 35, 40, 40, 30, 25]","[40, 40, 50, 60, 60, 40, 40, 48, 45, 34, 40, 37, 35, 40, 40, 49, 45, 40, 40, 40, 35, 35, 35, 40, 45, 50, 45, 45, 45, 45, 45, 50, 35, 35, 35, 32]"
spring crown,N/A,80.5,N/A,"[1, 160]"
spring flinger frog mask,N/A,10,N/A,"[25, 4, 1]"
spring flinger squirrel mask,N/A,N/A,N/A,N/A
sprout hat,39.33,119.44,"[26, 2, 90]","[130, 125, 145, 90, 90, 95, 155, 125, 120]"
stained glass crown,293.91,281.43,"[280, 340, 320, 330, 320, 320, 220, 330, 280, 320, 350, 240, 270, 330, 320, 250, 250, 340, 230, 275, 265, 250, 330]","[285, 330, 330, 270, 275, 350, 270, 335, 240, 330, 245, 245, 230, 280, 260, 285, 220, 330, 240, 280, 320, 350, 270, 330, 350, 270, 190, 220, 250, 270, 260, 290, 300, 250, 300, 235, 320, 250, 290, 260, 265, 250, 250, 300, 250, 235, 260, 265, 250, 330, 290, 300, 410, 250, 260, 300, 260, 280, 250, 320, 270, 400, 285, 350, 230, 310, 270, 240, 310, 270, 350, 325, 280, 300, 300, 300, 245, 230, 295, 250, 340, 335, 280, 250, 240, 245, 225, 340, 280, 240, 220, 270, 230, 230, 230, 260, 250, 320, 250, 300, 245, 225, 190, 240, 255, 420, 420, 230, 265, 265, 270, 350, 310, 280, 335, 255, 330, 270, 240, 370, 235, 320, 240, 250, 265, 240, 330, 270, 270, 300, 270, 330, 240, 250, 230, 310, 310, 280, 330, 260, 330, 330, 260, 350, 300, 275, 330, 290, 290, 320, 270, 330, 275, 250, 270, 270, 270, 245, 300, 240, 330, 330, 330, 300, 255, 265, 350, 290, 260, 300, 235, 280, 300, 335, 280, 260, 255, 330, 200, 240, 300, 270, 220, 285, 250, 400, 155, 220, 335, 240, 300, 320, 260, 250, 290, 345, 400, 250, 330, 330, 330, 300, 320, 225, 340, 340, 260, 300, 225, 280, 235, 325, 300, 230, 220, 260, 260, 305, 225, 240, 260, 245, 325, 290, 225, 280, 270, 260]"
star captain's hat,N/A,N/A,N/A,N/A
starfire crown,128.75,142.11,"[150, 100, 70, 340, 110, 75, 180, 5]","[95, 90, 90, 160, 155, 180, 95, 90, 90, 105, 125, 125, 320, 100, 100, 125, 120, 110, 95, 310, 90, 230, 350, 130, 85, 95, 200, 310, 80, 80, 85, 180, 110, 175, 340, 170, 180, 180, 360, 100, 350, 100, 100, 170, 100, 90, 105, 300, 115, 170, 90, 200, 310, 200, 340, 340, 180, 95, 90, 275, 1, 95, 110, 100, 100, 350, 355, 320, 160, 85, 95, 95, 1, 100, 95, 180, 115, 175, 110, 100, 100, 155, 150, 125, 125, 200, 90, 195, 195, 240, 90, 90, 100, 90, 90, 90, 90, 1, 135, 180, 93, 100, 1, 1, 120, 95, 100, 110, 110, 110, 110, 90, 90, 180, 93, 115, 110, 170, 100, 85, 100, 94, 330, 90, 90, 90, 330, 330, 100, 110, 95, 95, 95, 160, 95, 310, 115, 95, 290, 135, 330, 310, 100, 100, 95, 130, 85, 85, 115, 170, 97, 100, 200, 100, 180, 120, 120, 95, 210, 100, 310, 310, 90, 100, 90, 90, 110, 95, 90, 90, 100, 100, 95, 1, 3, 100, 90, 170, 120, 200, 160, 90, 94, 270, 220, 90, 87, 87, 350, 100, 165, 175, 3, 140, 90, 170, 135, 315, 80, 80, 110, 1, 95, 110, 110, 190, 110, 95, 185, 90, 110, 210, 305, 305, 195, 112, 100, 185, 1, 100, 190, 100, 100, 350, 90, 190, 220, 90, 210, 95, 95, 105, 90, 190, 100, 190, 350, 95, 100, 90, 90, 110]"
stars and stripes cap,0.5,0.5,[0.5],[0.5]
stars and stripes hat,N/A,0.33,N/A,[0.3333333333333333]
startopian empire - combat troop mk.ii helmet,N/A,N/A,N/A,N/A
steampunk top hat,N/A,N/A,N/A,N/A
stingray hat,4,411.43,[4],"[410, 380, 410, 410, 440, 420, 410]"
stinky bucket,2,0.03,[2],[0.02857142857142857]
straw fedora,0.98,0.86,"[0.25, 0.3333333333333333, 2, 2, 0.3333333333333333]","[1, 0.5, 0.3333333333333333, 1, 0.3333333333333333, 0.3333333333333333, 1, 2, 2, 2, 0.5, 0.5, 0.5, 0.5, 0.3333333333333333, 1, 2, 2, 0.2, 0.2, 1, 1, 0.5, 0.3333333333333333, 0.3333333333333333, 1, 0.5, 4, 0.3333333333333333, 0.3333333333333333, 0.25, 0.3333333333333333, 0.3333333333333333]"
straw hat,35.5,9,"[21, 50]",[9]
strawbeanie,1995,689.06,"[40, 3950]","[56, 50, 48, 44, 45, 54, 51, 41, 52, 52, 5150, 51, 55, 53, 48, 5175]"
sunflower hair pin,N/A,37.6,N/A,"[3, 180, 1, 1, 3]"
super utility helmet - red,N/A,N/A,N/A,N/A
super utility helmet - yellow,N/A,15,N/A,"[10, 20]"
superfly hat,N/A,167.5,N/A,"[135, 200]"
swamp monster head,N/A,32.78,N/A,"[25, 35, 30, 40, 40, 30, 35, 35, 25]"
tars lamora miner helmet,N/A,1.5,N/A,"[1, 2]"
team headband - build,N/A,2,N/A,[2]
team headband - grow,N/A,N/A,N/A,N/A
team headband - punch,N/A,N/A,N/A,N/A
the beast with a thousand eyes mask,N/A,N/A,N/A,N/A
the brother hood,83.33,95.88,"[85, 60, 80, 85, 90, 100]","[100, 90, 65, 95, 100, 60, 90, 90, 100, 110, 115, 115, 115, 115, 90, 90, 90]"
thinking cap,210,204.62,[210],"[190, 230, 250, 230, 190, 220, 150, 230, 200, 185, 190, 210, 185]"
toasted villager hat,N/A,1,N/A,"[1, 1, 1, 1, 1, 1, 1, 1]"
tony's tiger mask,N/A,N/A,N/A,N/A
top hat,288,122.5,[288],"[20, 225]"
totally legit bunny ears,165.83,181.11,"[150, 180, 150, 200, 180, 135]","[170, 170, 200, 220, 145, 230, 150, 165, 150, 200, 150, 150, 160, 160, 185, 185, 200, 160, 195, 145, 210, 190, 150, 155, 180, 200, 195, 180, 210, 190, 175, 200, 200, 180, 200, 180, 185, 155, 195, 195, 200, 145, 170, 200, 175, 210, 175, 175, 210, 175, 175, 210, 190, 200, 190, 195, 200, 190, 180, 210, 150, 175, 170, 200, 175, 165, 150, 170, 180, 160, 155, 200]"
traditional harvest hat,N/A,N/A,N/A,N/A
tragicomic mask,N/A,66.88,N/A,"[70, 60, 65, 70, 60, 70, 70, 70]"
turkey hat,N/A,N/A,N/A,N/A
turtle hat,9.5,11,"[15, 4]","[7, 11, 15, 9, 15, 5, 15]"
txmom's crown,541,934.2,"[10, 10, 1050, 905, 730]","[780, 770, 1015, 1380, 900, 840, 1450, 1010, 910, 850, 880, 11, 890, 910, 1010, 13, 1320, 1055, 800, 825, 1400, 920, 1265, 1250, 1250, 1150, 900, 1380, 880, 12]"
typewriter hat,N/A,N/A,N/A,N/A
ultra party glow top hat,N/A,N/A,N/A,N/A
ultra spring flinger frog mask,N/A,25,N/A,[25]
unicorn horn,N/A,20.6,N/A,"[20, 18, 22, 25, 15, 20, 20, 25, 25, 25, 18, 19, 20, 20, 15, 16, 22, 23, 19, 25]"
unlucky pinata hat,N/A,2,N/A,[2]
ursal hood,37,65.45,"[10, 30, 60, 50, 35]","[50, 60, 80, 40, 100, 100, 70, 60, 50, 60, 55, 55, 50, 55, 100, 60, 60, 90, 55, 70, 70, 50]"
valkyrie's helm,300,318.62,[300],"[300, 330, 300, 335, 330, 300, 300, 315, 330, 295, 330, 315, 330, 300, 310, 330, 320, 350, 320, 330, 300, 360, 315, 320, 330, 310, 300, 315, 320]"
vampire hunter hat,N/A,2,N/A,"[2, 2, 2]"
viking helmet,N/A,7.71,N/A,"[0.0125, 0.01, 0.03333333333333333, 0.03333333333333333, 0.01, 50, 0.03333333333333333, 0.01, 50, 0.01, 0.03333333333333333, 0.01, 0.01]"
waay chivo mask,241,443.61,"[480, 2]","[420, 430, 550, 600, 380, 415, 390, 395, 420, 430, 500, 400, 400, 580, 400, 400, 400, 475]"
waay chivo skull,N/A,462.35,N/A,"[365, 450, 600, 680, 525, 500, 380, 520, 710, 450, 410, 465, 380, 430, 430, 570, 350, 490, 385, 385, 465, 450, 470, 360, 450, 450, 510, 465, 380, 400, 550, 550, 390, 450, 450, 420, 480, 440, 410, 550, 540, 575, 470, 380, 460, 430, 350, 390, 450, 400, 565, 480, 385, 385, 440, 580, 400, 390, 570, 430, 420, 410, 500, 570, 450, 450, 670, 465, 420, 415, 465, 400, 520, 470, 420, 560, 380, 470, 470, 650, 500, 380, 400, 400, 510, 430, 430, 440, 390, 650, 350, 420, 420, 570, 420, 370, 400, 620]"
water gun hat,3,65,[3],[65]
wedding headdress,N/A,N/A,N/A,N/A
widow's hat,N/A,6,N/A,[6]
winter freezer teddy mask,N/A,5,N/A,"[10, 2, 3]"
witch hat,N/A,N/A,N/A,N/A
wizard hat,N/A,1.54,N/A,"[0.06666666666666667, 7, 1, 1, 0.5, 0.2, 1]"
yellow hardhat,N/A,N/A,N/A,N/A
zephyr helm,290,379.7,"[280, 270, 360, 275, 270, 300, 275]","[420, 380, 390, 385, 400, 390, 330, 395, 380, 420, 415, 415, 385, 400, 400, 270, 285, 275, 450, 350, 280, 390, 390, 390, 400, 420, 400, 325, 411, 455, 390, 280, 400, 450, 380, 460, 460, 420, 380, 280, 420, 395, 410, 410, 275, 330, 405, 405, 390, 280, 420, 400, 415, 375, 375, 380, 410, 310, 350, 390, 405, 390, 285]"
zombie defense force helmet,N/A,N/A,N/A,N/A
